Filename,Gaming,Success
219.json,No,
381.json,No,
385.json,No,
386.json,No,
404.json,No,
428.json,No,
429.json,No,
430.json,No,
439.json,No,
449.json,No,
450.json,Yes,Success
456.json,No,
460.json,No,
461.json,No,
467.json,No,
490.json,Yes,Success
492.json,No,
494.json,No,
496.json,No,
504.json,No,
537.json,No,
544.json,Yes,Success
545.json,No,
546.json,No,
581.json,No,
582.json,No,
583.json,Yes,Failure
584.json,No,
587.json,No,
592.json,No,
614.json,Yes,Success
617.json,No,
618.json,No,
668.json,No,
700.json,No,
704.json,No,
705.json,No,
713.json,No,
750.json,No,
758.json,No,
772.json,No,
843.json,No,
845.json,No,
846.json,No,
847.json,No,
858.json,Yes,Failure
861.json,No,
872.json,No,
882.json,No,
886.json,Yes,Success
905.json,Yes,Failure
911.json,No,
923.json,No,
927.json,No,
929.json,No,
930.json,No,
936.json,No,
944.json,No,
947.json,No,
948.json,No,
952.json,Yes,Success
959.json,No,
961.json,No,
963.json,No,
966.json,No,
984.json,Yes,Failure
985.json,No,
986.json,No,
991.json,No,
1056.json,No,
1058.json,No,
1059.json,No,
1060.json,No,
1063.json,No,
1075.json,No,
1076.json,No,
1077.json,No,
1079.json,No,
1080.json,No,
1082.json,No,
1083.json,No,
1095.json,No,
1096.json,No,
1140.json,No,
1141.json,No,
1142.json,No,
1143.json,No,
1144.json,No,
1145.json,No,
1146.json,No,
1147.json,No,
1149.json,No,
1179.json,No,
1182.json,No,
